fk_schema,fk_table,fk_column,ref_schema,ref_table,ref_column
cashbook,bank_accounts,gl_account_id,finance,gl_accounts,id
cashbook,reconciliations,approved_by,core,users,id
cashbook,reconciliations,bank_account_id,cashbook,bank_accounts,id
cashbook,reconciliations,created_by,core,users,id
cashbook,statement_imports,bank_account_id,cashbook,bank_accounts,id
cashbook,statement_imports,imported_by,core,users,id
cashbook,statement_lines,bank_account_id,cashbook,bank_accounts,id
cashbook,transaction_rules,created_by,core,users,id
cashbook,transaction_rules,target_account_id,finance,gl_accounts,id
cashbook,transaction_rules,tax_code_id,finance,tax_codes,id
core,integration_api_keys,created_by,core,users,id
core,integration_api_keys,entity_id,core,branches,id
core,password_reset_tokens,user_id,core,users,id
core,role_permissions,permission_id,core,permissions,id
core,role_permissions,role_id,core,roles,id
core,user_preferences,user_id,core,users,id
core,user_roles,role_id,core,roles,id
core,user_roles,user_id,core,users,id
core,webhook_deliveries,event_id,core,webhook_events,id
core,webhook_events,subscription_id,core,webhook_subscriptions,id
core,webhook_subscriptions,created_by,core,users,id
core,webhook_subscriptions,entity_id,core,branches,id
crm,contact_document_routing,contact_id,crm,trading_partner_contacts,id
crm,customer_buying_groups,buying_group_id,crm,buying_groups,id
crm,customer_buying_groups,customer_id,crm,customers,id
crm,customer_delivery_addresses,customer_id,crm,customers,id
crm,customers,customer_group_id,crm,customer_groups,id
crm,customers,entity_id,core,branches,id
crm,customers,payment_term_id,finance,payment_terms,id
crm,vendor_banking_change_requests,approved_by,core,users,id
crm,vendor_banking_change_requests,banking_detail_id,crm,vendor_banking_details,id
crm,vendor_banking_change_requests,rejected_by,core,users,id
crm,vendor_banking_change_requests,requested_by,core,users,id
crm,vendor_banking_change_requests,vendor_id,crm,vendors,id
crm,vendor_banking_details,vendor_id,crm,vendors,id
crm,vendors,payment_term_id,finance,payment_terms,id
crm,vendors,vendor_group_id,crm,vendor_groups,id
finance,account_groups,entity_id,core,branches,id
finance,accounting_periods,fiscal_year_id,finance,fiscal_years,id
finance,ap_accounting_setup,created_by,core,users,id
finance,ap_accounting_setup,discount_received_account,finance,gl_accounts,id
finance,ap_accounting_setup,entity_id,core,branches,id
finance,ap_accounting_setup,extra_cost_1_account,finance,gl_accounts,id
finance,ap_accounting_setup,extra_cost_2_account,finance,gl_accounts,id
finance,ap_accounting_setup,extra_cost_3_account,finance,gl_accounts,id
finance,ap_accounting_setup,extra_cost_4_account,finance,gl_accounts,id
finance,ap_accounting_setup,extra_cost_5_account,finance,gl_accounts,id
finance,ap_accounting_setup,extra_cost_variance_1,finance,gl_accounts,id
finance,ap_accounting_setup,extra_cost_variance_2,finance,gl_accounts,id
finance,ap_accounting_setup,extra_cost_variance_3,finance,gl_accounts,id
finance,ap_accounting_setup,extra_cost_variance_4,finance,gl_accounts,id
finance,ap_accounting_setup,extra_cost_variance_5,finance,gl_accounts,id
finance,ap_accounting_setup,foreign_exchange_gain_loss,finance,gl_accounts,id
finance,ap_accounting_setup,freight_accrual,finance,gl_accounts,id
finance,ap_accounting_setup,freight_variance,finance,gl_accounts,id
finance,ap_accounting_setup,payables_control,finance,gl_accounts,id
finance,ap_accounting_setup,purchase_accrual,finance,gl_accounts,id
finance,ap_accounting_setup,purchase_price_variance,finance,gl_accounts,id
finance,ap_accounting_setup,returned_goods_payable,finance,gl_accounts,id
finance,ap_accounting_setup,returned_goods_variance,finance,gl_accounts,id
finance,ap_accounting_setup,rounding_account,finance,gl_accounts,id
finance,ap_accounting_setup,updated_by,core,users,id
finance,ap_accounting_setup,vat_input_account,finance,gl_accounts,id
finance,ap_accounting_setup,withholding_tax_payable,finance,gl_accounts,id
finance,ar_accounting_setup,bad_debt_expense,finance,gl_accounts,id
finance,ar_accounting_setup,created_by,core,users,id
finance,ar_accounting_setup,customer_on_account,finance,gl_accounts,id
finance,ar_accounting_setup,deposit_liability,finance,gl_accounts,id
finance,ar_accounting_setup,discount_allowed_account,finance,gl_accounts,id
finance,ar_accounting_setup,doubtful_debt_provision,finance,gl_accounts,id
finance,ar_accounting_setup,entity_id,core,branches,id
finance,ar_accounting_setup,foreign_exchange_gain_loss,finance,gl_accounts,id
finance,ar_accounting_setup,freight_revenue_account,finance,gl_accounts,id
finance,ar_accounting_setup,interest_charged_revenue,finance,gl_accounts,id
finance,ar_accounting_setup,receivables_control,finance,gl_accounts,id
finance,ar_accounting_setup,revenue_account,finance,gl_accounts,id
finance,ar_accounting_setup,rounding_account,finance,gl_accounts,id
finance,ar_accounting_setup,sales_return_account,finance,gl_accounts,id
finance,ar_accounting_setup,unearned_revenue,finance,gl_accounts,id
finance,ar_accounting_setup,updated_by,core,users,id
finance,ar_accounting_setup,vat_output_account,finance,gl_accounts,id
finance,ar_accounting_setup,write_off_account,finance,gl_accounts,id
finance,assets_accounting_setup,created_by,core,users,id
finance,assets_accounting_setup,entity_id,core,branches,id
finance,assets_accounting_setup,updated_by,core,users,id
finance,bank_statement_lines,statement_id,finance,bank_statements,id
finance,budget_allocations,created_by,core,users,id
finance,budget_allocations,department_id,core,org_units,id
finance,budget_allocations,entity_id,core,branches,id
finance,budget_allocations,fiscal_year_id,finance,fiscal_years,id
finance,budget_allocations,gl_account_id,finance,gl_accounts,id
finance,budget_allocations,period_id,finance,accounting_periods,id
finance,budget_variance_overrides,approved_by,core,users,id
finance,budget_variance_overrides,budget_allocation_id,finance,budget_allocations,id
finance,budget_variance_overrides,department_id,core,org_units,id
finance,budget_variance_overrides,entity_id,core,branches,id
finance,budget_variance_overrides,rejected_by,core,users,id
finance,budget_variance_overrides,submitted_by,core,users,id
finance,cashbook_accounting_setup,bank_charges_expense,finance,gl_accounts,id
finance,cashbook_accounting_setup,cash_in_transit,finance,gl_accounts,id
finance,cashbook_accounting_setup,created_by,core,users,id
finance,cashbook_accounting_setup,entity_id,core,branches,id
finance,cashbook_accounting_setup,foreign_exchange_gain_loss,finance,gl_accounts,id
finance,cashbook_accounting_setup,interest_earned_revenue,finance,gl_accounts,id
finance,cashbook_accounting_setup,interest_paid_expense,finance,gl_accounts,id
finance,cashbook_accounting_setup,petty_class_expense,finance,gl_accounts,id
finance,cashbook_accounting_setup,rounding_account,finance,gl_accounts,id
finance,cashbook_accounting_setup,suspense_account,finance,gl_accounts,id
finance,cashbook_accounting_setup,updated_by,core,users,id
finance,credit_note_lines,credit_note_id,finance,credit_notes,id
finance,credit_notes,branch_id,core,branches,id
finance,credit_notes,customer_id,crm,customers,id
finance,credit_notes,payment_term_id,finance,payment_terms,id
finance,custom_dimension_members,dimension_type_id,finance,dimension_types,id
finance,custom_dimension_members,entity_id,core,org_units,id
finance,custom_dimension_members,parent_id,finance,custom_dimension_members,id
finance,customer_debit_note_lines,debit_note_id,finance,customer_debit_notes,id
finance,customer_debit_notes,customer_id,crm,customers,id
finance,customer_debit_notes,invoice_id,finance,invoices,id
finance,customer_debit_notes,payment_term_id,finance,payment_terms,id
finance,customer_gl_accounts,bad_debt_expense,finance,gl_accounts,id
finance,customer_gl_accounts,created_by,core,users,id
finance,customer_gl_accounts,customer_id,crm,customers,id
finance,customer_gl_accounts,customer_on_account,finance,gl_accounts,id
finance,customer_gl_accounts,deposit_liability,finance,gl_accounts,id
finance,customer_gl_accounts,discount_allowed_account,finance,gl_accounts,id
finance,customer_gl_accounts,doubtful_debt_provision,finance,gl_accounts,id
finance,customer_gl_accounts,foreign_exchange_gain_loss,finance,gl_accounts,id
finance,customer_gl_accounts,freight_revenue_account,finance,gl_accounts,id
finance,customer_gl_accounts,interest_charged_revenue,finance,gl_accounts,id
finance,customer_gl_accounts,receivables_control,finance,gl_accounts,id
finance,customer_gl_accounts,revenue_account,finance,gl_accounts,id
finance,customer_gl_accounts,rounding_account,finance,gl_accounts,id
finance,customer_gl_accounts,sales_return_account,finance,gl_accounts,id
finance,customer_gl_accounts,unearned_revenue,finance,gl_accounts,id
finance,customer_gl_accounts,updated_by,core,users,id
finance,customer_gl_accounts,vat_output_account,finance,gl_accounts,id
finance,customer_gl_accounts,write_off_account,finance,gl_accounts,id
finance,customer_group_gl_accounts,bad_debt_expense,finance,gl_accounts,id
finance,customer_group_gl_accounts,created_by,core,users,id
finance,customer_group_gl_accounts,customer_group_id,crm,customer_groups,id
finance,customer_group_gl_accounts,customer_on_account,finance,gl_accounts,id
finance,customer_group_gl_accounts,deposit_liability,finance,gl_accounts,id
finance,customer_group_gl_accounts,discount_allowed_account,finance,gl_accounts,id
finance,customer_group_gl_accounts,doubtful_debt_provision,finance,gl_accounts,id
finance,customer_group_gl_accounts,foreign_exchange_gain_loss,finance,gl_accounts,id
finance,customer_group_gl_accounts,freight_revenue_account,finance,gl_accounts,id
finance,customer_group_gl_accounts,interest_charged_revenue,finance,gl_accounts,id
finance,customer_group_gl_accounts,receivables_control,finance,gl_accounts,id
finance,customer_group_gl_accounts,revenue_account,finance,gl_accounts,id
finance,customer_group_gl_accounts,rounding_account,finance,gl_accounts,id
finance,customer_group_gl_accounts,sales_return_account,finance,gl_accounts,id
finance,customer_group_gl_accounts,unearned_revenue,finance,gl_accounts,id
finance,customer_group_gl_accounts,updated_by,core,users,id
finance,customer_group_gl_accounts,vat_output_account,finance,gl_accounts,id
finance,customer_group_gl_accounts,write_off_account,finance,gl_accounts,id
finance,customer_payments,bank_account_id,finance,bank_accounts,id
finance,customer_payments,branch_id,core,branches,id
finance,customer_payments,customer_id,crm,customers,id
finance,dimension_asset_members,entity_id,core,org_units,id
finance,dimension_asset_members,parent_id,finance,dimension_asset_members,id
finance,dimension_function_members,entity_id,core,org_units,id
finance,dimension_function_members,parent_id,finance,dimension_function_members,id
finance,dimension_market_members,parent_id,finance,dimension_market_members,id
finance,dimension_members,dimension_id,finance,dimension_rules,id
finance,dimension_project_members,entity_id,core,org_units,id
finance,dimension_project_members,parent_id,finance,dimension_project_members,id
finance,dimension_warehouse_members,warehouse_id,inventory,warehouses,id
finance,fiscal_years,created_by,core,users,id
finance,fiscal_years,entity_id,core,org_units,id
finance,fiscal_years,sealed_by,core,users,id
finance,forex_revaluation_lines,revaluation_id,finance,forex_revaluations,id
finance,gl_accounts,parent_id,finance,gl_accounts,id
finance,gl_dimension_reallocations,batch_id,finance,journal_batches,id
finance,gl_dimension_reallocations,journal_line_id,finance,journal_lines,id
finance,invoice_lines,invoice_id,finance,invoices,id
finance,invoices,branch_id,core,branches,id
finance,invoices,customer_id,crm,customers,id
finance,invoices,payment_term_id,finance,payment_terms,id
finance,journal_batches,branch_id,core,branches,id
finance,journal_lines,account_id,finance,gl_accounts,id
finance,journal_lines,batch_id,finance,journal_batches,id
finance,journal_lines,dim_entity_id,core,org_units,id
finance,journal_template_lines,account_id,finance,gl_accounts,id
finance,journal_template_lines,template_id,finance,journal_templates,id
finance,payment_run_items,vendor_id,crm,vendors,id
finance,payment_runs,approved_by,core,users,id
finance,payment_runs,bank_account_id,finance,bank_accounts,id
finance,payment_runs,created_by,core,users,id
finance,payment_runs,processed_by,core,users,id
finance,payment_term_settlement_tiers,payment_term_id,finance,payment_terms,id
finance,payment_terms,created_by,core,users,id
finance,payment_terms,entity_id,core,branches,id
finance,payment_terms,updated_by,core,users,id
finance,provision_adjustments,provision_id,finance,provisions,id
finance,supplier_payments,bank_account_id,finance,bank_accounts,id
finance,supplier_payments,branch_id,core,branches,id
finance,supplier_payments,vendor_id,crm,vendors,id
finance,tax_code_versions,tax_code_id,finance,tax_codes,id
finance,tax_codes,input_gl_account_id,finance,gl_accounts,id
finance,tax_codes,output_gl_account_id,finance,gl_accounts,id
finance,vendor_gl_accounts,created_by,core,users,id
finance,vendor_gl_accounts,discount_received_account,finance,gl_accounts,id
finance,vendor_gl_accounts,extra_cost_1_account,finance,gl_accounts,id
finance,vendor_gl_accounts,extra_cost_2_account,finance,gl_accounts,id
finance,vendor_gl_accounts,extra_cost_3_account,finance,gl_accounts,id
finance,vendor_gl_accounts,extra_cost_4_account,finance,gl_accounts,id
finance,vendor_gl_accounts,extra_cost_5_account,finance,gl_accounts,id
finance,vendor_gl_accounts,extra_cost_variance_1,finance,gl_accounts,id
finance,vendor_gl_accounts,extra_cost_variance_2,finance,gl_accounts,id
finance,vendor_gl_accounts,extra_cost_variance_3,finance,gl_accounts,id
finance,vendor_gl_accounts,extra_cost_variance_4,finance,gl_accounts,id
finance,vendor_gl_accounts,extra_cost_variance_5,finance,gl_accounts,id
finance,vendor_gl_accounts,foreign_exchange_gain_loss,finance,gl_accounts,id
finance,vendor_gl_accounts,freight_accrual,finance,gl_accounts,id
finance,vendor_gl_accounts,freight_variance,finance,gl_accounts,id
finance,vendor_gl_accounts,payables_control,finance,gl_accounts,id
finance,vendor_gl_accounts,purchase_accrual,finance,gl_accounts,id
finance,vendor_gl_accounts,purchase_price_variance,finance,gl_accounts,id
finance,vendor_gl_accounts,returned_goods_payable,finance,gl_accounts,id
finance,vendor_gl_accounts,returned_goods_variance,finance,gl_accounts,id
finance,vendor_gl_accounts,rounding_account,finance,gl_accounts,id
finance,vendor_gl_accounts,updated_by,core,users,id
finance,vendor_gl_accounts,vat_input_account,finance,gl_accounts,id
finance,vendor_gl_accounts,vendor_id,crm,vendors,id
finance,vendor_gl_accounts,withholding_tax_payable,finance,gl_accounts,id
finance,vendor_group_gl_accounts,created_by,core,users,id
finance,vendor_group_gl_accounts,discount_received_account,finance,gl_accounts,id
finance,vendor_group_gl_accounts,extra_cost_1_account,finance,gl_accounts,id
finance,vendor_group_gl_accounts,extra_cost_2_account,finance,gl_accounts,id
finance,vendor_group_gl_accounts,extra_cost_3_account,finance,gl_accounts,id
finance,vendor_group_gl_accounts,extra_cost_4_account,finance,gl_accounts,id
finance,vendor_group_gl_accounts,extra_cost_5_account,finance,gl_accounts,id
finance,vendor_group_gl_accounts,extra_cost_variance_1,finance,gl_accounts,id
finance,vendor_group_gl_accounts,extra_cost_variance_2,finance,gl_accounts,id
finance,vendor_group_gl_accounts,extra_cost_variance_3,finance,gl_accounts,id
finance,vendor_group_gl_accounts,extra_cost_variance_4,finance,gl_accounts,id
finance,vendor_group_gl_accounts,extra_cost_variance_5,finance,gl_accounts,id
finance,vendor_group_gl_accounts,foreign_exchange_gain_loss,finance,gl_accounts,id
finance,vendor_group_gl_accounts,freight_accrual,finance,gl_accounts,id
finance,vendor_group_gl_accounts,freight_variance,finance,gl_accounts,id
finance,vendor_group_gl_accounts,payables_control,finance,gl_accounts,id
finance,vendor_group_gl_accounts,purchase_accrual,finance,gl_accounts,id
finance,vendor_group_gl_accounts,purchase_price_variance,finance,gl_accounts,id
finance,vendor_group_gl_accounts,returned_goods_payable,finance,gl_accounts,id
finance,vendor_group_gl_accounts,returned_goods_variance,finance,gl_accounts,id
finance,vendor_group_gl_accounts,rounding_account,finance,gl_accounts,id
finance,vendor_group_gl_accounts,updated_by,core,users,id
finance,vendor_group_gl_accounts,vat_input_account,finance,gl_accounts,id
finance,vendor_group_gl_accounts,vendor_group_id,crm,vendor_groups,id
finance,vendor_group_gl_accounts,withholding_tax_payable,finance,gl_accounts,id
inventory,bin_stock,bin_id,inventory,bins,id
inventory,bin_stock,product_id,inventory,products,id
inventory,bins,location_id,inventory,locations,id
inventory,bins,warehouse_id,inventory,warehouses,id
inventory,bom_headers,finished_product_id,inventory,products,id
inventory,bom_lines,bom_id,inventory,bom_headers,id
inventory,bom_lines,component_product_id,inventory,products,id
inventory,carton_contents,carton_id,inventory,cartons,id
inventory,carton_contents,lot_id,inventory,lot_batches,id
inventory,carton_contents,packed_by,core,users,id
inventory,carton_contents,product_id,inventory,products,id
inventory,carton_contents,serial_id,inventory,serial_numbers,id
inventory,carton_contents,uom_code,config,uom_descriptions,uom_code
inventory,cartons,dimensioned_by,core,users,id
inventory,cartons,pack_station_id,inventory,pack_stations,id
inventory,cartons,packed_by,core,users,id
inventory,cartons,shipping_station_id,inventory,shipping_stations,id
inventory,classification,product_id,inventory,products,id
inventory,cost_layer_consumptions,cost_layer_id,inventory,cost_layers,id
inventory,cost_layers,grn_line_id,inventory,grn_lines,id
inventory,cost_layers,product_id,inventory,products,id
inventory,cost_layers,warehouse_id,inventory,warehouses,id
inventory,device_printers,device_id,inventory,devices,id
inventory,device_station_bindings,bound_by,core,users,id
inventory,device_station_bindings,device_id,inventory,devices,id
inventory,device_station_bindings,unbound_by,core,users,id
inventory,devices,current_operator_id,core,users,id
inventory,devices,deactivated_by,core,users,id
inventory,devices,registered_by,core,users,id
inventory,devices,warehouse_id,inventory,warehouses,id
inventory,grn_headers,branch_id,core,branches,id
inventory,grn_headers,warehouse_id,inventory,warehouses,id
inventory,grn_lines,gl_journal_batch_id,finance,journal_batches,id
inventory,grn_lines,grn_id,inventory,grn_headers,id
inventory,inventory_accounting_setup,cost_account,finance,gl_accounts,id
inventory,inventory_accounting_setup,cost_price_variance,finance,gl_accounts,id
inventory,inventory_accounting_setup,discount_allowed_account,finance,gl_accounts,id
inventory,inventory_accounting_setup,discount_received_account,finance,gl_accounts,id
inventory,inventory_accounting_setup,entity_id,core,branches,id
inventory,inventory_accounting_setup,extra_cost_1,finance,gl_accounts,id
inventory,inventory_accounting_setup,extra_cost_2,finance,gl_accounts,id
inventory,inventory_accounting_setup,extra_cost_3,finance,gl_accounts,id
inventory,inventory_accounting_setup,extra_cost_4,finance,gl_accounts,id
inventory,inventory_accounting_setup,extra_cost_5,finance,gl_accounts,id
inventory,inventory_accounting_setup,extra_cost_variance_1,finance,gl_accounts,id
inventory,inventory_accounting_setup,extra_cost_variance_2,finance,gl_accounts,id
inventory,inventory_accounting_setup,extra_cost_variance_3,finance,gl_accounts,id
inventory,inventory_accounting_setup,extra_cost_variance_4,finance,gl_accounts,id
inventory,inventory_accounting_setup,extra_cost_variance_5,finance,gl_accounts,id
inventory,inventory_accounting_setup,freight_accrual,finance,gl_accounts,id
inventory,inventory_accounting_setup,freight_variance,finance,gl_accounts,id
inventory,inventory_accounting_setup,inventory_asset,finance,gl_accounts,id
inventory,inventory_accounting_setup,inventory_gain,finance,gl_accounts,id
inventory,inventory_accounting_setup,inventory_loss,finance,gl_accounts,id
inventory,inventory_accounting_setup,inventory_revaluation_variance,finance,gl_accounts,id
inventory,inventory_accounting_setup,purchase_accrual,finance,gl_accounts,id
inventory,inventory_accounting_setup,purchase_price_variance,finance,gl_accounts,id
inventory,inventory_accounting_setup,returned_goods,finance,gl_accounts,id
inventory,inventory_accounting_setup,returned_goods_supplier,finance,gl_accounts,id
inventory,inventory_accounting_setup,returned_goods_supplier_variance,finance,gl_accounts,id
inventory,inventory_accounting_setup,sales_account,finance,gl_accounts,id
inventory,inventory_movement_gl_snapshot,credit_account_id,finance,gl_accounts,id
inventory,inventory_movement_gl_snapshot,debit_account_id,finance,gl_accounts,id
inventory,inventory_movement_gl_snapshot,product_id,inventory,products,id
inventory,inventory_movement_gl_snapshot,warehouse_id,inventory,warehouses,id
inventory,locations,location_type_id,inventory,location_types,id
inventory,locations,warehouse_id,inventory,warehouses,id
inventory,lot_batches,product_id,inventory,products,id
inventory,lot_batches,warehouse_id,inventory,warehouses,id
inventory,pack_stations,deactivated_by,core,users,id
inventory,pack_stations,staging_bin_id,inventory,bins,id
inventory,pack_stations,warehouse_id,inventory,warehouses,id
inventory,print_spool_jobs,created_by,core,users,id
inventory,print_spool_jobs,device_id,inventory,devices,id
inventory,product_barcodes,barcode_type_code,config,barcode_types,type_code
inventory,product_barcodes,product_id,inventory,products,id
inventory,product_barcodes,qr_mapper_id,inventory,qr_mapper_templates,mapper_id
inventory,product_gl_accounts,cost_account,finance,gl_accounts,id
inventory,product_gl_accounts,cost_price_variance,finance,gl_accounts,id
inventory,product_gl_accounts,discount_allowed_account,finance,gl_accounts,id
inventory,product_gl_accounts,discount_received_account,finance,gl_accounts,id
inventory,product_gl_accounts,extra_cost_1,finance,gl_accounts,id
inventory,product_gl_accounts,extra_cost_2,finance,gl_accounts,id
inventory,product_gl_accounts,extra_cost_3,finance,gl_accounts,id
inventory,product_gl_accounts,extra_cost_4,finance,gl_accounts,id
inventory,product_gl_accounts,extra_cost_5,finance,gl_accounts,id
inventory,product_gl_accounts,extra_cost_variance_1,finance,gl_accounts,id
inventory,product_gl_accounts,extra_cost_variance_2,finance,gl_accounts,id
inventory,product_gl_accounts,extra_cost_variance_3,finance,gl_accounts,id
inventory,product_gl_accounts,extra_cost_variance_4,finance,gl_accounts,id
inventory,product_gl_accounts,extra_cost_variance_5,finance,gl_accounts,id
inventory,product_gl_accounts,freight_accrual,finance,gl_accounts,id
inventory,product_gl_accounts,freight_variance,finance,gl_accounts,id
inventory,product_gl_accounts,inventory_asset,finance,gl_accounts,id
inventory,product_gl_accounts,inventory_gain,finance,gl_accounts,id
inventory,product_gl_accounts,inventory_loss,finance,gl_accounts,id
inventory,product_gl_accounts,inventory_revaluation_variance,finance,gl_accounts,id
inventory,product_gl_accounts,product_id,inventory,products,id
inventory,product_gl_accounts,purchase_accrual,finance,gl_accounts,id
inventory,product_gl_accounts,purchase_price_variance,finance,gl_accounts,id
inventory,product_gl_accounts,returned_goods,finance,gl_accounts,id
inventory,product_gl_accounts,returned_goods_supplier,finance,gl_accounts,id
inventory,product_gl_accounts,returned_goods_supplier_variance,finance,gl_accounts,id
inventory,product_gl_accounts,sales_account,finance,gl_accounts,id
inventory,product_group_gl_accounts,cost_account,finance,gl_accounts,id
inventory,product_group_gl_accounts,cost_price_variance,finance,gl_accounts,id
inventory,product_group_gl_accounts,discount_allowed_account,finance,gl_accounts,id
inventory,product_group_gl_accounts,discount_received_account,finance,gl_accounts,id
inventory,product_group_gl_accounts,extra_cost_1,finance,gl_accounts,id
inventory,product_group_gl_accounts,extra_cost_2,finance,gl_accounts,id
inventory,product_group_gl_accounts,extra_cost_3,finance,gl_accounts,id
inventory,product_group_gl_accounts,extra_cost_4,finance,gl_accounts,id
inventory,product_group_gl_accounts,extra_cost_5,finance,gl_accounts,id
inventory,product_group_gl_accounts,extra_cost_variance_1,finance,gl_accounts,id
inventory,product_group_gl_accounts,extra_cost_variance_2,finance,gl_accounts,id
inventory,product_group_gl_accounts,extra_cost_variance_3,finance,gl_accounts,id
inventory,product_group_gl_accounts,extra_cost_variance_4,finance,gl_accounts,id
inventory,product_group_gl_accounts,extra_cost_variance_5,finance,gl_accounts,id
inventory,product_group_gl_accounts,freight_accrual,finance,gl_accounts,id
inventory,product_group_gl_accounts,freight_variance,finance,gl_accounts,id
inventory,product_group_gl_accounts,inventory_asset,finance,gl_accounts,id
inventory,product_group_gl_accounts,inventory_gain,finance,gl_accounts,id
inventory,product_group_gl_accounts,inventory_loss,finance,gl_accounts,id
inventory,product_group_gl_accounts,inventory_revaluation_variance,finance,gl_accounts,id
inventory,product_group_gl_accounts,product_group_id,inventory,product_groups,id
inventory,product_group_gl_accounts,purchase_accrual,finance,gl_accounts,id
inventory,product_group_gl_accounts,purchase_price_variance,finance,gl_accounts,id
inventory,product_group_gl_accounts,returned_goods,finance,gl_accounts,id
inventory,product_group_gl_accounts,returned_goods_supplier,finance,gl_accounts,id
inventory,product_group_gl_accounts,returned_goods_supplier_variance,finance,gl_accounts,id
inventory,product_group_gl_accounts,sales_account,finance,gl_accounts,id
inventory,product_images,product_id,inventory,products,id
inventory,product_images,uploaded_by,core,users,id
inventory,product_uom_overrides,product_id,inventory,products,id
inventory,product_warehouse_wac,product_id,inventory,products,id
inventory,product_warehouse_wac,warehouse_id,inventory,warehouses,id
inventory,products,country_of_manufacture,core,countries,code
inventory,products,country_of_origin,core,countries,code
inventory,products,default_buying_uom,config,uom_descriptions,uom_code
inventory,products,default_selling_uom,config,uom_descriptions,uom_code
inventory,products,product_group_id,inventory,product_groups,id
inventory,products,product_type_code,config,product_types,type_code
inventory,putaway_rules,default_bin_id,inventory,bins,id
inventory,putaway_rules,product_id,inventory,products,id
inventory,putaway_rules,warehouse_id,inventory,warehouses,id
inventory,qr_mapper_fields,mapper_id,inventory,qr_mapper_templates,mapper_id
inventory,qr_scan_log,mapper_id,inventory,qr_mapper_templates,mapper_id
inventory,repl_suggestions,product_id,inventory,products,id
inventory,serial_numbers,product_id,inventory,products,id
inventory,serial_numbers,warehouse_id,inventory,warehouses,id
inventory,shipping_stations,deactivated_by,core,users,id
inventory,shipping_stations,staging_bin_id,inventory,bins,id
inventory,shipping_stations,warehouse_id,inventory,warehouses,id
inventory,standard_cost_history,product_id,inventory,products,id
inventory,stock_adjustment_lines,lot_batch_id,inventory,lot_batches,id
inventory,stock_adjustment_lines,product_id,inventory,products,id
inventory,stock_adjustment_lines,stock_adjustment_id,inventory,stock_adjustments,id
inventory,stock_adjustments,branch_id,core,branches,id
inventory,stock_adjustments,source_count_id,inventory,stock_counts,id
inventory,stock_adjustments,warehouse_id,inventory,warehouses,id
inventory,stock_count_lines,product_id,inventory,products,id
inventory,stock_count_lines,stock_count_id,inventory,stock_counts,id
inventory,stock_counts,warehouse_id,inventory,warehouses,id
inventory,stock_health,product_id,inventory,products,id
inventory,stock_movements,branch_id,core,branches,id
inventory,stock_movements,product_id,inventory,products,id
inventory,stock_movements,warehouse_id,inventory,warehouses,id
inventory,stock_on_hand,product_id,inventory,products,id
inventory,stock_on_hand,warehouse_id,inventory,warehouses,id
inventory,stock_transfer_lines,product_id,inventory,products,id
inventory,stock_transfer_lines,stock_transfer_id,inventory,stock_transfers,id
inventory,stock_transfers,branch_id,core,branches,id
inventory,stock_transfers,destination_warehouse_id,inventory,warehouses,id
inventory,stock_transfers,source_warehouse_id,inventory,warehouses,id
inventory,uom_group_lines,uom_code,config,uom_descriptions,uom_code
inventory,uom_group_lines,uom_group_id,inventory,uom_groups,uom_group_id
inventory,uom_groups,stocking_uom_code,config,uom_descriptions,uom_code
inventory,valuation_snapshots,product_id,inventory,products,id
inventory,valuation_snapshots,warehouse_id,inventory,warehouses,id
inventory,warehouse_costing_config,warehouse_id,inventory,warehouses,id
inventory,work_orders,bom_id,inventory,bom_headers,id
inventory,work_orders,finished_product_id,inventory,products,id
procurement,purchase_order_items,asset_class_id,assets,asset_classes,id
procurement,purchase_order_items,asset_class_id,assets,asset_classes,id
procurement,purchase_order_items,capex_improvement_target_asset_id,assets,assets,id
procurement,purchase_order_items,capex_improvement_target_asset_id,assets,assets,id
procurement,purchase_order_items,gl_account_id,finance,gl_accounts,id
procurement,purchase_order_items,product_id,inventory,products,id
procurement,purchase_order_items,purchase_order_id,procurement,purchase_orders,id
procurement,purchase_orders,approved_by,core,users,id
procurement,purchase_orders,branch_id,core,branches,id
procurement,purchase_orders,buyer_id,core,users,id
procurement,purchase_orders,cancelled_by,core,users,id
procurement,purchase_orders,created_by,core,users,id
procurement,purchase_orders,entity_id,core,branches,id
procurement,purchase_orders,escalated_to_user_id,core,users,id
procurement,purchase_orders,payment_term_id,finance,payment_terms,id
procurement,purchase_orders,rejected_by,core,users,id
procurement,purchase_orders,submitted_by,core,users,id
procurement,purchase_orders,vendor_id,crm,vendors,id
procurement,supplier_credit_note_lines,credit_note_id,procurement,supplier_credit_notes,id
procurement,supplier_credit_note_lines,product_id,inventory,products,id
procurement,supplier_credit_notes,branch_id,core,branches,id
procurement,supplier_credit_notes,created_by,core,users,id
procurement,supplier_credit_notes,payment_term_id,finance,payment_terms,id
procurement,supplier_credit_notes,supplier_invoice_id,procurement,supplier_invoices,id
procurement,supplier_credit_notes,vendor_id,crm,vendors,id
procurement,supplier_debit_note_lines,debit_note_id,procurement,supplier_debit_notes,id
procurement,supplier_debit_note_lines,product_id,inventory,products,id
procurement,supplier_debit_notes,created_by,core,users,id
procurement,supplier_debit_notes,payment_term_id,finance,payment_terms,id
procurement,supplier_debit_notes,supplier_invoice_id,procurement,supplier_invoices,id
procurement,supplier_debit_notes,vendor_id,crm,vendors,id
procurement,supplier_invoice_lines,dim_entity_id,core,org_units,id
procurement,supplier_invoice_lines,gl_account_id,finance,gl_accounts,id
procurement,supplier_invoice_lines,grn_line_id,inventory,grn_lines,id
procurement,supplier_invoice_lines,invoice_id,procurement,supplier_invoices,id
procurement,supplier_invoice_lines,po_item_id,procurement,purchase_order_items,id
procurement,supplier_invoice_lines,product_id,inventory,products,id
procurement,supplier_invoice_match_lines,invoice_id,procurement,supplier_invoices,id
procurement,supplier_invoice_match_lines,invoice_line_id,procurement,supplier_invoice_lines,id
procurement,supplier_invoice_match_lines,po_item_id,procurement,purchase_order_items,id
procurement,supplier_invoices,branch_id,core,branches,id
procurement,supplier_invoices,created_by,core,users,id
procurement,supplier_invoices,payment_term_id,finance,payment_terms,id
procurement,supplier_invoices,po_id,procurement,purchase_orders,id
procurement,supplier_invoices,vendor_id,crm,vendors,id
procurement,supplier_price_breaks,supplier_pricing_id,procurement,supplier_product_pricing,id
procurement,supplier_product_pricing,product_id,inventory,products,id
procurement,supplier_product_pricing,vendor_id,crm,vendors,id
sales,backorders,customer_id,crm,customers,id
sales,backorders,product_id,inventory,products,id
sales,backorders,sales_order_id,sales,sales_orders,id
sales,commission_calculations,invoice_id,finance,invoices,id
sales,commission_calculations,sales_order_id,sales,sales_orders,id
sales,commission_calculations,sales_rep_id,core,users,id
sales,commission_rates,sales_rep_id,core,users,id
sales,contract_extensions,contract_id,sales,contracts,id
sales,contract_line_changes,contract_id,sales,contracts,id
sales,contract_line_tiers,contract_line_id,sales,contract_lines,id
sales,contract_lines,contract_id,sales,contracts,id
sales,contract_lines,product_id,inventory,products,id
sales,contracts,archived_from_id,sales,contracts,id
sales,contracts,buying_group_id,crm,buying_groups,id
sales,contracts,customer_id,crm,customers,id
sales,dispatch_note_lines,bin_id,inventory,bins,id
sales,dispatch_note_lines,dispatch_note_id,sales,dispatch_notes,id
sales,dispatch_note_lines,location_id,inventory,locations,id
sales,dispatch_note_lines,lot_batch_id,inventory,lot_batches,id
sales,dispatch_note_lines,product_id,inventory,products,id
sales,dispatch_note_lines,warehouse_id,inventory,warehouses,id
sales,dispatch_notes,branch_id,core,branches,id
sales,dispatch_notes,customer_id,crm,customers,id
sales,dispatch_notes,entity_id,core,branches,id
sales,dispatch_notes,pack_completed_by,core,users,id
sales,dispatch_notes,pack_started_by,core,users,id
sales,dispatch_notes,pick_instruction_id,sales,pick_instructions,id
sales,dispatch_notes,posted_by,core,users,id
sales,dispatch_notes,sales_order_id,sales,sales_orders,id
sales,dispatch_notes,ship_completed_by,core,users,id
sales,dispatch_notes,warehouse_id,inventory,warehouses,id
sales,pick_instruction_lines,bin_id,inventory,bins,id
sales,pick_instruction_lines,location_id,inventory,locations,id
sales,pick_instruction_lines,lot_batch_id,inventory,lot_batches,id
sales,pick_instruction_lines,pick_instruction_id,sales,pick_instructions,id
sales,pick_instruction_lines,product_id,inventory,products,id
sales,pick_instruction_lines,warehouse_id,inventory,warehouses,id
sales,pick_instructions,branch_id,core,branches,id
sales,pick_instructions,customer_id,crm,customers,id
sales,pick_instructions,entity_id,core,branches,id
sales,pick_instructions,pack_station_id,inventory,pack_stations,id
sales,pick_instructions,sales_order_id,sales,sales_orders,id
sales,pick_instructions,warehouse_id,inventory,warehouses,id
sales,pricing_resolution_log,customer_id,crm,customers,id
sales,pricing_resolution_log,product_id,inventory,products,id
sales,promotion_lines,product_id,inventory,products,id
sales,promotion_lines,promotion_id,sales,promotions,id
sales,quotation_lines,product_id,inventory,products,id
sales,quotation_lines,quotation_id,sales,quotations,id
sales,quotations,branch_id,core,branches,id
sales,quotations,customer_id,crm,customers,id
sales,quotations,entity_id,core,branches,id
sales,quotations,payment_term_id,finance,payment_terms,id
sales,quotations,sales_rep_id,core,users,id
sales,rma_headers,authorized_by,core,users,id
sales,rma_headers,created_by,core,users,id
sales,rma_headers,credit_note_id,finance,credit_notes,id
sales,rma_headers,customer_id,crm,customers,id
sales,rma_headers,invoice_id,finance,invoices,id
sales,rma_headers,processed_by,core,users,id
sales,rma_headers,received_by,core,users,id
sales,rma_headers,sales_order_id,sales,sales_orders,id
sales,rma_headers,warehouse_id,inventory,warehouses,id
sales,rma_lines,lot_batch_id,inventory,lot_batches,id
sales,rma_lines,product_id,inventory,products,id
sales,rma_lines,rma_id,sales,rma_headers,id
sales,sales_order_lines,order_id,sales,sales_orders,id
sales,sales_order_lines,product_id,inventory,products,id
sales,sales_orders,branch_id,core,branches,id
sales,sales_orders,customer_id,crm,customers,id
sales,sales_orders,entity_id,core,branches,id
sales,sales_orders,payment_term_id,finance,payment_terms,id
sales,sales_orders,sales_rep_id,core,users,id
sales,sales_orders,source_quotation_id,sales,quotations,id
sales,so_fulfillment_links,created_by,core,users,id
sales,so_fulfillment_links,purchase_order_id,procurement,purchase_orders,id
sales,so_fulfillment_links,purchase_order_line_id,procurement,purchase_order_items,id
sales,so_fulfillment_links,sales_order_id,sales,sales_orders,id
sales,so_fulfillment_links,sales_order_line_id,sales,sales_order_lines,id
sales,volume_breaks,product_id,inventory,products,id
sales,wave_pick_lines,bin_id,inventory,bins,id
sales,wave_pick_lines,location_id,inventory,locations,id
sales,wave_pick_lines,lot_batch_id,inventory,lot_batches,id
sales,wave_pick_lines,pick_instruction_id,sales,pick_instructions,id
sales,wave_pick_lines,product_id,inventory,products,id
sales,wave_pick_lines,sales_order_id,sales,sales_orders,id
sales,wave_pick_lines,warehouse_id,inventory,warehouses,id
sales,wave_pick_lines,wave_pick_id,sales,wave_picks,id
sales,wave_picks,warehouse_id,inventory,warehouses,id
